,VideoID,Start,End,WorkerID,Source,AnnotationTime,Language,Description
33895,-4wsuPCjDBc,5,15,682611,clean,102,English,A squirrel is eating a peanut in it's shell.
6434,-7KMZQEsJW4,205,208,550906,clean,34,English,A man demonstrating how to clean a flower.
17696,-8y1Q0rA3n8,95,102,682611,clean,79,English,A man with a sword runs ands stabs a cardboard target.
35984,-9CUm-2cui8,39,44,682611,clean,70,English,A woman puts four okra in a pan of boiling water.
18020,-AwoiGR6c8M,10,14,280252,clean,31,English,A boy is playing a key-board.
20215,-Cv5LsqKUXc,17,25,649657,unverified,47,English,A man is slicing strawberry
7009,-DKuLXYoY3g,14,20,649657,unverified,55,English,A boy is playing
22345,-DRy7rBg0IQ,31,37,550906,clean,21,English,a girl swimming under water
8059,-FugkxLmGO4,5,16,550906,clean,52,English,A husky and her pup stare happily out of a cage.
39420,-Ms9tsWmhyU,80,95,215924,clean,29,English,A flute is played.
33593,-YI0cxuNcq8,262,272,550906,clean,251,English,A woman demonstrating abdominal exercises.
23194,-_aaMGK6GGw,57,61,760882,clean,21,English,A man grabs a boy.
378,-_hbPLsZvvo,323,328,651813,clean,9,English,A man is arranging sushi.
24305,-bjOB4zS0uE,100,105,550906,clean,52,English,A woman is stirring a substance in a wine glass.
26391,-dm-ds5rRaM,44,52,550906,clean,777,English,Ussain Bolt winning a race.
24924,-joBOHlg5J0,72,80,550906,clean,25,English,A woman powders her face.
32875,-mAoVOhKy0c,4,9,682611,clean,112,English,A yellow train is driving on an track on a bridge.
33515,-pUwIypksfE,13,23,682611,clean,99,English,A panda climbs up a three-tiered cake and another panda is sitting and looking at the cake.
13404,-rkErLY0rRc,26,35,682611,clean,73,English,A woman is pruning flowers on a bush.
2874,-rvjK0lE3z4,33,43,682611,clean,76,English,Someone cuts a potato into cube-size pieces with a knife.
36851,-s4-6QTT7HE,235,241,682611,clean,100,English,A man is dancing among a group of women dancers in costumes.
11100,-t-ZWaJeH-o,0,15,550906,clean,42,English,Two women singing in a recording studio.
11200,-uT_1VDvXok,8,15,682611,clean,58,English,A baby rhino is walking behind an adult rhino.
3396,-vKO3uSG6Do,3,14,682611,clean,69,English,Three animated women are synchronized dancing.
21852,-vg3vR86fu0,1,6,550906,clean,47,English,A boy rides a bike.
2642,-wa0umYJVGg,168,176,617730,clean,77,English,A woman is adding green leaves to a pot of boiling water.
31890,-zOrV-5vh1A,69,76,682611,clean,90,English,Possibly thousands of various sized colored balls are bouncing down a street.
4788,00jrXRMlZOY,0,10,155632,clean,19,English,A frog is being stroked.
35087,02Z-kuB3IaM,2,13,682611,clean,60,English,A black boar is running in the woods.
51,04Gt01vatkk,248,265,550906,clean,33,English,A woman cuts an oion.
32393,05Gtb7_9tLU,0,9,682611,clean,92,English,Several animal drawn covered carts are going down the street.
21355,05gNigkqfNU,24,32,550906,clean,34,English,a person cutting a potato
43012,06CbMa0kDr8,3,13,682611,clean,89,English,Someone is feeding a red panda cub out of the palm of his hand.
27869,08pVpBq706k,175,212,550906,clean,26,English,a cat get his head stuck in a bag
35554,0GXq1An3yHI,22,35,550906,clean,50,English,A woman chops up curd.
36105,0I4VKj4d0WI,24,40,550906,unverified,36,English,A man is blowing bubbles
46925,0IDJG0q9j_k,1,24,617730,clean,24,English,A cyclist pedals around a track.
46417,0M-PyX2DbZc,25,31,682611,clean,52,English,A man in a construction hat is dancing while two other seated men watch.
5532,0NPtAv3_uVI,46,54,682611,clean,82,English,"A woman, wearing a life jacket, is skiing on a lake."
14643,0ONJfp95yoE,1,10,682611,clean,75,English,A cat is standing on it's back paws and appears to be boxing with it's front paws.
19581,0RWJEOScToE,414,421,159786,clean,930,English,A man is rinsing a large steak.
35669,0SMOK2ql7Pg,5,12,550906,clean,40,English,A cat scratches a board in the sink.
28272,0bSz70pYAP0,5,15,135621,clean,217,English,An airplane is flying in a wide circular pattern.
4830,0hyZ__3YhZc,485,490,682611,clean,60,English,Someone is stirring chili in a kettle.
47132,0k1Ak8aTMVI,4,12,550906,clean,36,English,A cat hops over a gate.
1975,0lh_UWF9ZP4,50,60,682611,clean,86,English,A woman is adding and stirring in three different ingredients into a bowl of cooked white rice.
14287,0piwbTivpDg,10,40,550906,clean,38,English,A man explaining how to do his hair.
15912,0sUL0KCIc48,15,25,682611,clean,126,English,A dog is moving through very deep snow by leaping forward and sinking repeatedly.
13820,0vmoZEaN_-o,5,21,682611,clean,62,English,A cat is playing with a large watermelon.
45711,0wutCy2ZGOQ,4,10,682611,clean,41,English,Several boys are playing football in a fenced in area.
27741,0xx13BuvVmo,25,36,230966,unverified,85,English,a littel boy is taking bathing
25271,11xs9mFKObs,0,8,682611,clean,69,English,A penguin is carrying a stuffed penguin backpack and walking down a street.
3204,16iNk1hLJt4,37,40,682611,clean,196,English,Six young runners are lined up at the starting line of a racetrack waiting for a man to tell them to start.
41382,1Dty_eGY9Ec,123,133,550906,clean,30,English,A man getting face painted by a woman artist
16973,1N_Ic2pBM1o,2,23,682611,clean,57,English,A woman is playing a guitar and singing.
42121,1QVn0FffExM,14,24,878566,clean,21,English,A lion is licking his chops.
33924,1RchFBCT9JU,43,53,682611,clean,128,English,A hedgehog is eating small round yellowish pieces of something off a wooden floor.
46455,1Sp2__RCT0c,11,15,682611,clean,60,English,A rocket in the sky is hit by lightening and explodes.
30761,1TjqADyYyxI,36,45,550906,clean,25,English,a man falling out off a bike
31093,1_6V30igzIk,5,15,682611,clean,109,English,A small animal on a towel turns around and heads toward someone's hand.
9179,1dA1RQgPN3c,72,82,682611,clean,94,English,A woman draws the face of a ghost on a sheet.
42745,1dYpcVv6n3Y,0,18,682611,clean,182,English,"A diapered baby is standing holding onto a coffee table and dancing, trying to mimic the three women he is watching dance on television."
14240,1dfR0A_BXjw,545,560,159786,clean,1761,English,A chef butters some bread.
47741,1hPxGmTGarM,9,19,682611,clean,85,English,A cat in a cage is angrily meowing at something.
33395,1kYWws89W3Y,0,5,682611,clean,50,English,A cat appears to walk up a wall from floor to ceiling.
8605,1mIyMRPV8kg,9,17,682611,clean,89,English,"A man is playing basketball with a large black dog, and the dog dribbles the ball and makes a basket."
21020,1pw5ZdRhiig,50,59,760882,clean,22,English,A man is playing a flute.
12815,1qU-kF-km1Q,6,16,550906,clean,55,English,A man talks about his puppy.
47080,1qV4wfjTYIo,151,164,550906,clean,39,English,A cat retrieves an object out of a dish of water.
47837,1qxMJLkHDLw,0,9,682611,clean,75,English,One man is beating another man tied to a pole with a strap.
4890,1rECrfrdNTo,200,207,807872,clean,21,English,A woman add some egg yolk to some stir fry.
18193,1sffYOXq4Iw,23,49,550906,clean,29,English,a person cutting a potatoes
27395,21uB8g-jDZI,70,79,550906,clean,37,English,A man rides a mini scooter.
45651,229NvV0SRHw,0,5,550906,clean,42,English,A baby is drinking at the table.
30910,25NmudB2fqg,0,7,550906,clean,52,English,Apollo Creed slugs Rocky.
9207,27hs9W89FuI,0,10,682611,clean,64,English,Two teams are playing soccer and the blue team makes three goals.
18400,27mxaePkYB4,8,14,682611,clean,85,English,An adult giraffe leans over a fence and nuzzles a baby giraffe.
11335,2F9jX7u5nOg,83,97,280252,clean,30,English,A woman is riding on a horse.
48070,2FLsMPsywRc,45,63,326919,unverified,151,English,A fish is being fried in a pan.
6395,2G9fkvBzzQE,10,20,682611,clean,107,English,A woman is holding a microphone and a bird is talking into it while three contestants laugh.
31669,2HpZvL-_fiY,40,44,550906,clean,28,English,Models dancing in living room
35152,2I20ZTFHheg,96,104,760882,clean,44,English,A person cuts a sock.
31459,2KrdBUFeFtY,22,27,682611,clean,44,English,Someone is shuffling a deck of playing cards.
19412,2L4oELbX8Ms,1,12,682611,clean,60,English,A woman is speaking in sign language.
33139,2LgrGHWSy6k,122,135,550906,clean,30,English,A woman drinking alcohol from a bottle.
44520,2MCpA01Sn_c,75,82,550906,clean,23,English,a dear hopping a fence
32596,2Nn2CAeaI5k,72,77,252681,clean,158,English,Four children are running through a parking lot.
12656,2R_OAYQIkXM,14,22,550906,clean,25,English,A woman picks up a baby kangaroo.
7635,2YhDTpzxd3c,149,154,760882,clean,15,English,A woman feeds a man food.
22154,2jXxtQRy47A,30,38,411294,clean,24,English,The wolves and bear are chasing each other.
26612,2jkExrrm_sQ,19,25,550906,clean,34,English,A dog swims with a shark.
12735,2mUMTFnQWaw,1,9,135141,clean,159,English,A boy is riding a horse.
30539,2xpIT0L4GqE,1,10,992484,unverified,66,English,A man gets sprinkled with purple water.
2817,30GeJHYoerk,80,85,682611,clean,73,English,A young woman is roller skating around small orange cones.
29769,30PpKtVT8Z4,35,50,252681,clean,46,English,A man is singing and playing the guitar.
2229,32_A0-er4Ws,16,20,550906,clean,36,English,a  woman picking a tomatoes
1913,39Ce7I6nXIw,96,104,550906,clean,939,English,A man walks his horse.
9074,3FnUTQMJVXI,31,36,682611,clean,79,English,"A kitten, next to a mirror, is playing with a tennis shoe on the floor."
22959,3I9tSDU-OSk,17,22,550906,clean,37,English,A toddler is flapping it's arms on a chair.
32738,3OPQqH3YlHA,50,54,550906,clean,44,English,A woman peels a potato.
1455,3SKyc0aKx70,46,52,550906,clean,33,English,A boy does flips on a trampoline.
16787,3_51FhosiVY,93,101,651813,clean,13,English,A man is on a bed talking on the phone.
26665,3chNlP5TeO8,0,10,760882,clean,48,English,A plane shoots out of water.
32552,3doK4FQM5-k,46,57,550906,clean,48,English,a man filing up a pot of water
17545,3eqFFRSXwGE,84,96,772960,clean,212,English,A brown dog sitting halfway on top of a black dog in a room pins him to the floor.
21718,3ftaoFnhTyY,140,150,682611,clean,69,English,Someone is steering a car and is driving down roads making turns.
24741,3lBHYoI5V8s,30,45,550906,clean,56,English,cutting a food in half
30872,3mbBbFH9fAg,21,29,922727,clean,32,English,A group of men is smiling.
38648,3n_Kqak2JdA,48,71,550906,clean,46,English,A man sells goods in store.
47688,3opDcpPxllE,50,66,252681,clean,22,English,A car drives backwards while trying to escape the police.
23144,3qqEKTPxLNs,1,15,550906,clean,55,English,A baby teethes on a pacifier.
3926,3ytUOoa1SBE,12,23,682611,clean,56,English,Many performers in costumes on stage are dancing.
33330,3zgEl-OLFKE,12,15,326919,unverified,29,English,A dog runs up stairs.
20517,3zrVqwV29V8,69,76,682611,clean,73,English,An older boy is seated at a table eating.
40530,4-1gpwkD7Hc,7,15,297776,clean,39,English,A group of turtles crawls across the sand.
8320,45AGQSbodbU,5,15,682611,clean,61,English,a small furry animal is biting on someone's finger.
3321,47D9-U8hn5I,11,16,682611,clean,122,English,"A cat, with socks on it's paws, slides with each step across a coffee table and eventually slides off the table."
38433,4D1o4FC8YbA,207,216,550906,clean,38,English,A woman dances in front of a fire.
26748,4Hhdr1IPOGs,90,98,760882,clean,15,English,A baby is sleeping on a couch.
16941,4JVpbYmqfcI,5,19,682611,clean,73,English,Someone is doing a card trick.
10533,4MjTb5A68VA,111,118,682611,clean,53,English,A woman is running in a field and flying a kite.
31718,4PayIIIOeIs,230,238,550906,clean,30,English,A man takes a shot at a target outside.
22432,4PcL6-mjRNk,47,55,550906,clean,182,English,A small dog carries a tennis ball.
14081,4QYPZM01xFE,14,26,682611,clean,54,English,Someone is peeling an onion with their fingers.
5169,4QdX5Q3qQsQ,6,14,682611,clean,93,English,A man lays his hand near his lip and appears to be thinking.
21416,4R-tumAGrtU,12,22,550906,clean,28,English,A woman is shooting a hand gun.
16673,4Tn5S48sCwg,110,118,682611,clean,147,English,A woman sitting on the ground rubs lotion onto a naked baby's legs who is lying on the woman's legs.
27279,4UOVKok7j1U,1,8,682611,clean,71,English,A young man is playing an acoustical guitar.
30430,4VLrxtf7Z_8,0,7,682611,clean,91,English,Someone riding a horse is jumping hurdles.
33230,4_WZN7uW0NY,140,145,682611,clean,72,English,Two women are sweeping the water out the door of a flooded room.
35889,4cgzdXlJksU,83,90,682611,clean,94,English,A girl cuts the tip off a plastic icing squeeze tube with scissors.
36962,4eJJF11bIxM,1,9,682611,clean,58,English,Two girls are talking back and forth on cell phones.
5847,4ge5_V-xhP0,138,142,215924,clean,53,English,A man gets grape juice out of the fridge.
36507,4ikH9ZRcF2Q,89,105,550906,clean,32,English,A squirrel is moving in circles.
37273,4kQnrKvOTNg,15,24,257003,clean,225,English,A puppy is walking down the staircase.
6476,4lXdVS697DQ,10,25,550906,clean,42,English,Two men sail on a boat.
4951,4s_0-zIWEog,1,15,550906,clean,77,English,"A boy eating cereal, while talking to a girl."
8286,4t5POXt2e68,5,11,760882,clean,33,English,A crying baby falls down.
39077,4wT7zM8XgXQ,5,11,550906,clean,70,English,A driver crashes out of a parking spot.
35860,4xVGpDmA4lE,23,33,682611,clean,159,English,"A man walking down the street singing is carrying suitcases on his head and a woman, with her arms around his neck, on his back."
46374,4yYapi-5QYQ,33,57,682611,clean,104,English,"Someone is doing a card trick, where the card changes each time he runs his hand across the deck."
27169,4yf2WP6K1gQ,28,32,550906,clean,33,English,A woman taking a bath.
16343,4z3b4mnw5y4,56,60,550906,clean,50,English,A man drills holes into a board.
32150,4zPSShqsq-o,3,16,550906,clean,24,English,A baby is smiling and laughing.
27549,5-8z5U-o4O4,0,3,760882,clean,19,English,Horses are racing.
12302,504gE1DA_4g,1,6,682611,clean,49,English,Someone is petting a rabbit on a bed.
6141,53dc4z7HLyg,25,29,682611,clean,148,English,"A dolphin is lying on top of a girl on a dock and moving, while someone else is doing something with it's mouth."
11731,57C93mpt6Xo,358,368,682611,clean,63,English,A woman is applying blush or powder to her face with a brush.
26197,5AEldiUP408,65,71,682611,clean,56,English,A man is running down a street in his underwear.
29546,5CS4nLI2ZX8,50,59,682611,clean,298,English,Two elephants appear to be pushing a convertible with a woman in the driver's seat and a man either sitting on the top of the backseat or standing on the passenger side in the front holding onto the windshield.
46048,5CU2JhYM8tY,14,45,550906,clean,133,English,A little girl imitates a dance video.
32294,5E66Gk3V1Bc,23,30,682611,clean,103,English,A monkey is swinging from limb to limb.
41219,5EXVeP6R3yc,105,108,682611,clean,76,English,A man emerges out of a puddle of muddy water.
36381,5HAf_INrFy0,3,25,550906,clean,82,English,A cat mimics a boxing match on television.
20693,5JLi7L1Kwp8,23,30,169605,clean,18,English,A cat is laying down.
38079,5JSbxHECb-I,97,110,550906,clean,34,English,Ingredients are shown being mixed.
2587,5K7Ru5s6YIw,8,11,550906,clean,39,English,A kangaroo nibbles on it's food.
37846,5L5MoemWC6g,10,13,411294,clean,21,English,The couple is kissing.
8777,5OuYhq6Zl0g,0,10,922727,clean,21,English,A group of girls are dancing.
28696,5OvgDatToBU,0,8,682611,clean,63,English,A white kitten is on a table lapping milk from a plate.
46801,5P6UU6m3cqk,57,75,550906,unverified,124,English,A baby is laughing in a high chair.
20894,5PpPOGU_0aA,65,75,159786,clean,1584,English,A couple are conversing in a gazebo.
27351,5QJf-l4lPJw,133,138,550906,clean,46,English,A woman is cracking an egg.
11704,5U3xz9Ovmhk,99,105,682611,clean,68,English,A man is finely chopping a green substance.
1749,5W02895vT8c,312,322,760882,clean,14,English,A plane is taking off.
4640,5XxshEdcfAM,85,100,169605,clean,32,English,A man is dancing.
36048,5YJaS2Eswg0,22,26,550906,clean,33,English,A girl is skipping rope.
27080,5dZ8PXABC30,14,20,760882,clean,81,English,People are being transported on stretchers.
37509,5dv8MSWlxoQ,10,40,550906,clean,25,English,a girl making her hair in a mirror
41254,5fDBl1wT2Lk,34,39,550906,clean,47,English,A big ball bounces over a nut.
41160,5fq9iIxxA1s,12,27,275759,clean,65,English,A boy is calling another to pass football.
47866,5l6acVf12S4,7,13,682611,clean,57,English,A white dog is running down the sidewalk.
18892,5x_OGEdO6Z8,0,21,550906,clean,32,English,A little girl is doing her hair.
22774,5zkCnHUnoYY,69,74,682611,clean,114,English,"A young woman, standing in front of louvered doors in her bra, is brushing her hair."
26037,60x_yxy7Sfw,1,7,682611,clean,89,English,A man is staring at a picture of a woman on his laptop computer screen.
18472,62I8I4sCPPQ,12,30,550906,clean,26,English,A man diving in a lake.
44227,64Xn9edeWRA,0,11,682611,clean,135,English,A cat sitting on the back edge of a couch jumps up and is rotated around a ceiling fan then tossed off.
28223,6BrHPMdyVtU,1,10,550906,clean,625,English,A boy playing a piano.
47545,6FmN22YcVVE,11,18,295615,clean,39,English,A female sits in a chair and plays an instrument.
17016,6GJ1DNOGDAM,223,233,682611,clean,96,English,A woman is brushing and straightening her hair with a straightening iron while talking.
13571,6JnGBs88sL0,4,10,297776,clean,29,English,A helicopter begins to land on top of a building.
12383,6KS8R3RxrV8,0,23,157374,clean,656,English,A dog is at waiting at the counter.
18158,6Lzq1HN33lE,5,15,760882,clean,16,English,A man plays a flute.
34316,6Q3ltyPJJMQ,67,72,550906,clean,29,English,Kevin Spacey bench pressing in a garage.
44066,6QbhfbLUtQs,13,23,252681,clean,26,English,A bucket of green slime is poured on top of a woman's head.
37571,6RlYLTU5gvM,18,24,651813,clean,60,English,A toy train is going around.
24097,6ZZkO14S7GY,5,15,651813,clean,31,English,A little girl is playing the flute.
9511,6ZhKOK08tgM,45,49,682611,clean,99,English,"Three young men run, jump, and kick off of a Coke machine."
248,6eokrw6_bjU,1,9,878566,clean,26,English,A woman is firing a rifle.
29331,6gQu8PWhFoQ,30,35,280252,clean,17,English,A biker is diving in the water with his bike.
45431,6mYnZbIwcNo,10,16,550906,unverified,64,English,A person typing on his or her lap top.
35636,6njscWrdnM0,8,18,682611,clean,140,English,"Each time a man karate kicks a mannequin he falls down, so he finally starts punching the mannequin with his fists until it falls."
1624,6owu8Mow0_g,302,307,760882,clean,13,English,A man puts cheese on a pizza.
4099,6pcqRuFEMLs,46,52,550906,clean,48,English,A boy climbs an obstacle course.
203,6q1dX6thX3E,286,295,651813,clean,35,English,A man is talking on the phone.
47951,6r5DmFa5ZR8,51,58,169605,clean,18,English,Animals are eating food.
4146,6sKdTbRkahM,6,12,682611,clean,64,English,A man cuts the top and bottom off a pineapple.
17894,6sYmDT5et00,301,339,548844,unverified,24,English,How to make Dinner rolls.
416,6t0BpjwYKco,217,229,682611,clean,61,English,A woman seasons both sides of a pork chop.
39990,6vC6AT27RUc,29,46,326919,unverified,77,English,A fox or dog wags its tail and smiles.
22932,6vSKIUGGLvY,81,87,682611,clean,142,English,A woman is lying on top of a man at the bow of a canoe while two other people are paddling with their hands.
30604,71soiLO6I9U,15,24,760882,clean,17,English,A hedgehog goes into its house.
4268,73vUksucPz8,12,20,550906,clean,35,English,A girl is playing a violin.
9243,74tRCYS_534,49,57,550906,clean,27,English,a man finding animals in the bushes
25034,778mkceE0UQ,40,46,682611,clean,63,English,A red car with two black stripes on the hood is being driven down the street.
5445,77iDIp40m9E,3,9,550906,clean,27,English,A puppy kicks dirt on it's mother.
41508,7EOqi_6rnkg,36,44,550906,clean,60,English,A man in a gorilla suit plays a bongo in a shopping center.
13478,7HcYJKMxpcg,20,28,651813,clean,19,English,A lion is walking around.
27816,7M-jsjLB20Y,11,30,215924,clean,49,English,A cat play with a hand.
2107,7NNg0_n-bS8,21,30,550906,clean,26,English,A man is singing and playing a guitar.
12903,7OGizkf_JEo,191,194,682611,clean,76,English,A circus performer walks across a tight rope.
25608,7ZE2OzguWHo,28,38,682611,clean,78,English,Three young men are synchronized dancing.
7713,7_XASfcYdBk,3,13,651813,clean,12,English,A man is playing guitar.
20577,7bcV-TL9mho,0,7,252681,clean,24,English,A group of puppies are going to investigate a cat at the end of a hallway.
34356,7d1d2WlEnKs,0,12,682611,clean,128,English,A kitten comes out of a cardboard box and runs into a paper tube.
37805,7s0AXJtLL0Y,57,61,772960,clean,1224,English,A black pet cat is walking in the house.
39635,7uF-2adCsI0,60,67,682611,clean,177,English,"A woman sits down, opens a can of soft drink, and takes a drink."
6523,7uOiiA4Kxbo,23,35,682611,clean,117,English,"A man, toting a white dog on his back, is riding down a street on his bicycle.."
24589,7xNG7qGY9rw,14,29,550906,clean,21,English,a chef mixing flour in a bowl
2405,80D0ylOqPJ8,0,5,682611,clean,68,English,A dog is walking on his front two legs with his hind legs in the air.
24451,81fABEiwcIM,31,45,550906,clean,32,English,A man plays the guitar and sings onstage.
18854,88DOMJ11q2M,84,87,682611,clean,59,English,Animation of a woman diving off a diving board.
24373,88p7U5CnoYU,1,10,760882,clean,58,English,A panda is patting his side.
11828,8BL9qmFRbd4,6,13,550906,clean,24,English,business people checking into a hotel room
40825,8CzlhZtunNc,5,11,682611,clean,81,English,A baby snow leopard sitting in front of an adult snow leopard runs off.
25649,8D_oQnBPfNo,43,50,297776,clean,27,English,A cat cleans itself.
40784,8HB7ywgJuTg,131,142,682611,clean,154,English,"Someone seasons rice in a skillet with a white substance, and another person stirs the mixture with a spatula."
2997,8MVo7fje_oE,113,118,682611,clean,59,English,Someone sets the timer and starts a microwave oven.
17931,8NFoN0K3bPg,20,28,878566,clean,18,English,A girl is firing a rifle at a target.
4926,8PQiaurIiDM,94,99,682611,clean,69,English,"A man cuts throw a rope, suspended from the ceiling, with a sword."
45352,8VUbN3hkdBo,36,50,550906,clean,70,English,A toddler waters plants with a water gun.
31547,8e0yXMa708Y,24,33,682611,clean,50,English,A woman is quickly climbing up a steep cliff.
1301,8jP8CC2rKj4,80,88,550906,clean,43,English,A dolphin jumps out of water.
144,8mSUD7JGNO0,174,181,550906,clean,26,English,A woman gallops on a horse.
34026,8sARjdhSvpo,167,176,550906,clean,46,English,A woman is slicing cabbage.
28552,8yS2wqwActs,2,14,550906,clean,28,English,A dog runs in the back yard.
12992,8yoUaH6wGLs,22,30,550906,clean,370,English,A cop car rams into motorcycle rider.
27963,8yuPGwxwdPs,1,10,682611,clean,180,English,A young man is showing and talking about a Christmas card that has a moving ornament on a tree when the man manipulates the card.
14792,8z-XGiU1KN4,9,17,682611,clean,88,English,A group of young people are rehearsing dance movements.
8664,93n_oYVCLpk,9,12,682611,clean,87,English,A young boy splashes muddy water on his face and clothes and gets up and looks sheepishly at a young girl.
21502,953PkxFNiko,82,85,550906,clean,41,English,A man close up with crooked teeth speaks.
8866,97JhYpoWxzY,0,4,682611,clean,215,English,A baby takes a bite off a dill pickle and makes a face by closing her eyes and shaking her head.
14821,98Alrg4pFXs,148,153,550906,clean,77,English,two men doing round house style kicks against each other.
7445,98shpdib9sg,55,62,435773,clean,21,English,A boy is moving his shoulders from side to side.
29880,992zi9V3oiQ,15,17,550906,clean,96,English,A man swings a weapon at a snake.
20156,9BScZRpF7SI,31,36,682611,clean,92,English,A boy sitting at a picnic table watches a man hurdle over the table and do a back flip.
1020,9Bxknsvy3jQ,53,58,682611,clean,145,English,"A young man skateboards along a step, up a ramp, and then does a flip onto the pavement above."
11913,9HDUADeA2xg,3,31,550906,clean,3065,English,A puppy plays with a ball.
7968,9HTUcMjWB3g,134,138,550906,unverified,193,English,A cucumber is being sliced on a cutting board.
19060,9IrWyZ0KZuk,160,166,682611,clean,41,English,A man is playing an electric guitar.
25440,9LHg5RUGukI,63,68,682611,clean,64,English,A man takes two Toaster Scrambles out of a plastic bag.
16182,9LOJmQQktHA,10,18,807872,clean,26,English,A man gets excited about the fire he lit.
20667,9LSuyLyuUiM,3,6,682611,clean,69,English,A boy removes his sunglasses while he is talking.
3579,9OvXb1fot74,21,29,651813,clean,29,English,A flash advertisement.
14943,9OxQ-2gR1DU,18,38,550906,clean,23,English,a sword fight between two women
17633,9Q0JfdP36kI,23,28,682611,clean,55,English,Someone is cutting excess fat off of raw chicken using scissors.
8735,9QI8cgBSGo8,28,41,155632,clean,20,English,A girl is writing on a chalk board.
41134,9VG7Elw9TDA,85,91,682611,clean,49,English,A man and a woman are kissing.
1708,9W6aQNcU3PA,92,103,411294,clean,17,English,The lady is filing her nails.
19916,9WpJxn-2h1o,122,150,878566,clean,26,English,An old man is sitting in a chair reading the newspaper.
7909,9Wr48VFhZH8,45,50,682611,clean,92,English,"A tiger runs and sits on a prone man, then runs and knocks a man down."
33090,9d57lHEsLU8,1,14,550906,clean,31,English,A frog attempting to catch a fly out of water.
42940,9fkS7wqrzAY,13,25,155632,clean,21,English,A boy is playing a cello.
24841,9gbUM9oHBNI,557,563,682611,clean,50,English,A man is drinking a clear liquid from a glass.
34249,9uDPqigcnzw,36,46,760882,clean,11,English,A man plays a guitar.
33779,9wxB1UQi0MM,18,38,326919,unverified,62,English,A person cuts butter into a pile of flour.
8497,9xVqwy_4pmQ,36,49,878566,clean,35,English,A man is spinning a hard-boiled egg on a marble counter.
35187,9zXqkHvs0po,59,65,651813,clean,19,English,An older woman is cracking eggs.
28855,A6XrTsLsUbA,4,15,550906,clean,59,English,A cat plays piano.
19867,ACK7SekJWts,140,150,550906,clean,34,English,A man puts together a gun.
4688,ACOmKiJDkA4,161,170,682611,clean,92,English,Someone is inserting a yellowish-brown substance into a rice ball.
44860,AE9UaQwum8c,0,10,682611,clean,71,English,A lemur is holding up it's arms and someone is scratching him.
4760,AEKPjVHSVZc,0,12,682611,clean,83,English,People in dragon costumes are dancing in the street.
20733,AGRFy5hDQiY,31,38,682611,clean,140,English,"A young man in swimming trunks is pole dancing, when he falls into the lake hitting his head on the side of a boat."
28988,AJJ-iQkbRNE,97,109,550906,clean,64,English,A man slices a pineapple.
39732,AKVBK-0veE8,5,12,760882,clean,32,English,A person driving a car backs up.
44442,AQhiE_NL6yY,91,101,682611,clean,79,English,"Two short cowboys are restrained from fighting by a tall, thin man."
17757,AX38yo7Wuws,81,91,682611,clean,94,English,Someone is attempting to cut a rolled up tube of blue construction paper with scissors.
19199,AXL1oMdCFUM,45,59,682611,clean,95,English,A man appears to be plowing a rice field with a plow being pulled by two oxen.
21662,A_nCfAbXjoM,8,56,550906,clean,38,English,A woman rides a donkey.
16534,Aa7yf9XtcJM,45,50,682611,clean,99,English,"Two women are dancing and kicking up their legs, and a woman sitting appears to be playing a banjo."
35603,AdcgmBtE99c,108,114,682611,clean,117,English,A woman sunbather takes sunglasses out of a dark bag and puts them on.
33725,Afmc6FeN-hM,20,24,550906,clean,35,English,a group of people dancing
2677,AjZ-R3LFMzo,18,23,135621,clean,180,English,A motorcycle rider is shown performing stunts on his motorcycle.
25351,AoNnzlGhI04,112,128,760882,clean,30,English,A woman on her bed is watching TV.
22622,ApYvvQK7bBc,6,32,550906,clean,38,English,A man is doing arm lunges on a machine at a gym.
3619,Ar70p1_LcfM,2,20,550906,clean,36,English,a kid playing on a computer
7784,ArEWo8pERFc,17,21,550906,clean,31,English,A woman laying down to go to sleep.
6870,Ayh26v6Nies,17,22,550906,clean,51,English,Two puppies are playing with a piece of paper.
850,AysIdzGF-7M,6,14,326919,unverified,29,English,A kitten plays with string.
26699,AzMrltkXGJk,0,10,550906,clean,30,English,A boy bangs on the window.
47802,B-Lsf7ZKf5c,10,25,411294,clean,152,English,The man is pouring fuel on the flag.
29150,B4foOe9kUgY,0,8,682611,clean,132,English,"A panda is sitting on his bottom, moving his bottom back and forth as if to scratch it."
29832,B7mP4zoDMwM,0,17,550906,clean,40,English,A cat watches dominoes fall.
2365,BAf3LXFUaGs,28,38,411294,clean,15,English,The man is playing the drums.
29271,BApIQn69EVE,10,16,682611,clean,62,English,An okapi is grazing off a tree.
33687,BE_uxYK9uz0,150,168,896610,clean,122,English,A boy finds a Praying Mantis on a playground.
24227,BGG0uYWZBdw,6,12,550906,clean,26,English,A man does a stunt on a bmx bike.
7174,BIqVvRh_cEY,143,149,682611,clean,59,English,A young boy is running.
40300,BLXzfdNmydQ,151,156,326919,unverified,37,English,A girl riding a horse.
16857,BOLKaQeB6j0,101,111,135141,clean,26,English,A lady is peeling the skin of a boiled potato.
44923,BOv-2HzNPaA,7,12,550906,clean,37,English,A dog slides into a pool.
30175,BR4yQFZK9YM,101,110,651813,clean,12,English,A woman is running on a treadmill.
2002,BVilbVCo9sU,1,11,682611,clean,69,English,A large cat is watching and sniffing a spider.
740,BVjvRpmHg0w,157,165,550906,clean,46,English,A woman is cutting broccoli.
9805,BVy9SQI5R68,0,7,550906,clean,33,English,A baby laying on it's back is crying.
43045,BefkDBj5gSw,104,109,682611,clean,45,English,A man is walking down a stone path.
34523,BgoOihBb78w,38,40,682611,clean,57,English,"Two boys are singing and dancing, one behind the other."
6650,BnJUWwSx1kE,11,22,550906,clean,52,English,A wombat is walking about.
4074,BtQEY2SL4g4,11,16,682611,clean,186,English,"A man using a pole nudges a cat off a tall utility-like  pole, and the cat leaps all the way to the ground and runs off."
2553,BtQtRGI0F2Q,15,20,682611,clean,166,English,"Several men or working at the top of a utility pole, when one man gets electrocuted then hangs upside down."
15298,BvHnDAsMtUA,0,13,760882,clean,24,English,A cat is playing with a toy mouse.
340,ByGspTdA1ug,16,24,326919,unverified,76,English,A person is sliding a cat across the floor.
42691,C12BRGGcd5E,101,117,280252,clean,45,English,A lady is talking and washing her hands.
1109,C1MNCR1o9lU,0,7,760882,clean,847,English,A woman bottle feeds a baby.
21787,C2rDp6FnbP0,10,17,682611,clean,60,English,A man sitting on a stool at a microphone is playing a guitar.
45199,C9LHk0AJI7U,196,205,760882,clean,19,English,A man is kneading dough.
38346,C9vRgZDxTv4,26,33,550906,clean,32,English,A man is riding a motorized bike.
4325,CBD9h0jUq3w,1,7,550906,clean,22,English,A man playing soccer on the beach
38974,CGllPWAwmUo,1,15,760882,clean,28,English,A man plays a violin on the roof of a house.
15863,CHFXTeQWXjo,206,212,550906,clean,36,English,Bruce Lee kicking several students in a fight.
4483,CHVhwcOg6y8,1,12,550906,clean,1296,English,Justin Bieber playing X-Box with a friend.
12707,CL49s8bO6Fg,1,11,682611,clean,293,English,"A kitten sniffs flowers on a red checked cloth on a table, walks to the wooden part of the table and looks at a small jack-o-lantern, then walks to the edge of the table and looks off, finally backing away."
17456,CTIKmoEigCI,3,30,550906,clean,71,English,A kitten tags a small dog.
6279,C_1cnNdMwxY,0,8,682611,clean,92,English,"A man is playing with a puppy on the floor, spinning the puppy around in circles and rubbing it's belly."
37327,C_DDjCRxTxQ,1,4,682611,clean,88,English,"Two women are reclining on a couch talking, one woman with her arm around the other."
26526,CcvJs77L-e8,15,22,682611,clean,157,English,Three people are carrying heavy canvas sacks as they are walking in the grass.
43361,Ce7equ9zCxk,4,19,682611,clean,62,English,"A phone is off the hook, and a bird appears to be dialing it with it's beak."
45534,CgWYN5e9K10,30,62,435773,clean,42,English,A cat is going to the bathroom in a toliet.
27214,Cjf21Y19aUQ,82,86,682611,clean,603,English,A long-haired man in a construction hat removes his sunglasses while he is talking.
26163,CjvMNwpAFWM,56,66,682611,clean,53,English,Two puppies are wrestling and nipping at each other.
34000,CquJjlNuotg,147,155,682611,clean,66,English,A man is cutting a cardboard plate with scissors.
37019,CulG2SMC7DU,14,25,682611,clean,80,English,A woman is lying on a blanket on a rock and reading a book.
36602,CwPfvoqmV1Q,58,61,682611,clean,56,English,A man is doing a wheelie on a motorcycle as he drives in circles.
42356,Cx1We6GX4IM,0,8,550906,clean,26,English,A dog is staring and wagging it's tail.
21539,Cxxx6wJ1jNo,0,10,682611,clean,79,English,Someone is holding a newborn kitten.
32984,D1X6qXkLjYE,41,49,682611,clean,115,English,A woman dancing in front of a microphone begins to sing while accompanied by a man on a keyboard.
11882,D1tTBncIsm8,725,740,682611,clean,184,English,"A man kicks a soccer ball into a goal, and a soccer ball knocks down a camera and tripod, barely missing the man who jumps out from behind it."
7108,D2FbgK_kkE8,121,151,550906,clean,16,English,a lady cutting a pineapple
16496,D9I1Z6O_mbw,141,146,682611,clean,67,English,A man and a woman are walking in the grass with their arms around each other.
12456,DAmOfcvfKZ0,22,32,550906,clean,28,English,a chef cutting a carrot
17044,DB-3-TVjrxU,58,75,550906,clean,25,English,A man boxing a bigger man.
592,DBvSfds3FH4,76,80,682611,clean,37,English,A woman is kneading dough.
44766,DDtX5a-OgLQ,1,15,878566,clean,17,English,A man is playing a guitar.
34598,DGQL5lx-mwE,2,12,550906,clean,33,English,A woman makes a huge bubble.
20257,DIToA1dDwGQ,32,42,682611,clean,54,English,"A woman, with one arm raised, is riding an elephant."
1865,DIebwNHGjm8,133,148,550906,clean,47,English,a girl in  the ocean on jet skii
21199,DJWmm_Q9WvY,1,25,878566,clean,22,English,A brown cow is eating grass in an open field.
22528,DKZg4kIEa0A,31,36,155632,clean,40,English,A boy is riding a skateboard.
18669,DKgHYLDebx0,0,8,760882,clean,90,English,A man in a suit is being scrubbed.
9882,DLcuZ-HnHZc,0,10,550906,clean,38,English,A woman petting a wallaby outside.
44474,DN7jwyL1Xgg,1,19,922727,clean,43,English,A spaceship is landing.
41092,DcDYRpa34W8,11,25,651813,clean,10,English,A baby is laughing.
8008,De815YpTBic,41,48,682611,clean,49,English,A small red car is being driven down a road.
40338,Dgf0VHMEtNs,57,66,682611,clean,69,English,Four people in surgical masks are operating on a man.
34708,DhwrBs96Kgk,120,124,257003,clean,51,English,A monkey is walking on water.
27315,DlOhXqKcLXk,7,14,682611,clean,61,English,A young woman is singing and playing the guitar.
23960,DuMkW35BwK8,43,47,135141,clean,105,English,A person is peeling the skin off a potato using a knife.
35749,DvYN53KBDr0,51,62,550906,clean,29,English,people destroying a car
304,E2r6nnkwl0c,6,18,825347,clean,15,English,A group of boys are jumping into a river.
32949,E4k0Aylzdyo,97,104,682611,clean,96,English,A woman climbs on the back of a motorcycle occupied by a man and puts on a helmet.
43808,E61HNXjgyqA,22,32,682611,clean,73,English,A woman wearing a headset is singing into a large microphone.
1237,E6sqA9QtV5I,195,201,682611,clean,100,English,"A man, with tatoos on his arm, is kissing a woman."
25563,EA-J-Y6QjUo,40,61,550906,clean,40,English,A cat opens a drawer and climbs in.
22297,EBWPZIjtnTM,1,6,550906,clean,16,English,a lady talking on the phone
25300,EKL6elkbFy0,16,30,550906,clean,59,English,A pencil is being sharpened.
28738,EPXsiQw9vvo,1,12,550906,clean,36,English,A teenage boy riding a dirt bike over a car
44309,EPgQ9QwbsLE,16,23,550906,clean,23,English,a boy playing with two frogs
17788,ETUJipdnfOM,0,5,682611,clean,46,English,A man is playing a saxaphone.
18273,EVqc7e8JCco,5,15,411294,clean,15,English,The zebras are playing.
32236,EXyp0Q7L1zE,30,38,682611,clean,94,English,A woman opens a window in a house on stilts and stands there primping her hair.
3089,Ea0thGZKPXA,25,35,155632,clean,35,English,A boy is playing a flute.
30835,Eamd2wMKixs,48,72,682611,clean,120,English,An airplane takes off and the wheels are drawn up inside the plane.
4608,EdrZtaBUXIo,25,29,682611,clean,70,English,Smoke is coming out of a jack-o-lantern.
21745,EiylMb_mWk4,2,20,381885,clean,207,English,A guy is singing while playing his guitar.
9731,EjAoBKagWQA,132,145,252681,clean,35,English,A male and a female robot are kissing.
9300,Els1Cclg_sk,4,15,682611,clean,73,English,Someone lifts up the back of a blue car and then drops it.
15813,EpMuCrbxE8A,107,115,550906,clean,34,English,The group Slayer plays a song onstage.
45957,EqOGzNkekMk,5,15,682611,clean,75,English,An extremely muscled man lifts a barbell with his right hand.
45237,EwTZ2xpQwpA,14,21,760882,clean,197,English,A boy is singing into a mic.
36179,F1BwUJ4--Qw,21,38,682611,clean,75,English,A man dressed as a cowboy quickly shoots various pistols and rifles.
8691,F2Ny7rq9RKs,139,148,651813,clean,18,English,A man is putting pepper into a bowl.
48531,F3pmw2ga244,59,65,326919,unverified,55,English,A baseball player hits a baseball.
7500,F44bLc6t7-I,1,8,275759,clean,44,English,A chef is serving food and speaking.
8436,FA3OfhJK0mI,195,203,682611,clean,98,English,The video flashes to several different couples kissing.
39042,FAD8CbQuvco,35,45,550906,unverified,56,English,A apple being peeled on a cutting board.
16457,FCjpuJaUec0,19,26,326919,unverified,52,English,A cat plays in a sink.
16076,FGjtmhI-Rmk,30,37,682611,clean,66,English,A young man is playing the piano.
6082,FH8vgAp4VDU,10,14,257003,clean,593,English,A man is getting down a staircase.
9637,FHwC2THZJfA,0,10,682611,clean,66,English,A raccoon-like animal is hanging off two ropes suspended from the ceiling.
9485,FOOM-wA2rOY,77,86,682611,clean,96,English,"A man grabs a woman, pulling her down to the ground, and appears to stab her."
15099,FTh5zPk34bQ,16,30,772960,clean,2105,English,A bald man is bleeding as his scalp is slit in a checked pattern while pins are driven into it and all over his face.
2764,FWzsXeXCwuc,106,110,682611,clean,54,English,A monkey is climbing at the head of a statue.
19101,FXWdmIHXS_U,3,10,682611,clean,49,English,Someone is playing an electric keyboard.
14437,FavUpD_IjVY,22,26,550906,clean,64,English,Cows are doing a synchronized dance.
26785,Fe4tO5vW9_E,64,70,550906,clean,85,English,Ingredients are being mixed in a bowl.
34933,FeTaKOPVaJg,15,25,550906,clean,47,English,A group of young girls are dancing on stage.
40655,Ffv7fhL1EDY,177,184,682611,clean,86,English,Two teams of men are playing soccer on a grass field.
17322,FoL7aWvpvNs,199,204,682611,clean,71,English,Someone is scrubbing the bottom of their bare foot with a toothbrush.
41313,FvfjDQj5sOY,1,10,280252,clean,52,English,A boy is playing a guitar and other boy is listing to its.
22890,FwCmcZpkk-k,22,32,682611,clean,120,English,"A woman and a man are seated at a small table eating sandwiches, sipping cokes through straws, and conversing."
15757,FxIuFwMhOu8,18,26,550906,clean,38,English,A cat rolls over to it's side.
40863,G-M78KIy19E,315,330,257003,clean,142,English,A man is felling a tree.
10559,G6w6kO8UPyg,31,41,682611,clean,52,English,A large dog is driving a car.
15178,GEXqMH8I3_w,63,68,682611,clean,131,English,A double-decked bus smashes into the top of a bridge or overpass.
30637,GMuijLIJH-U,1,10,682611,clean,65,English,A large group of people are outdoors line dancing.
22698,GPT4vUwlrXY,1,10,181773,clean,47,English,A boy is checking a calendar.
3739,GPyFZMJ5Dow,56,70,550906,clean,35,English,A man prepares hamburger.
7210,GWQTAe64m-0,91,94,682611,clean,67,English,A man is taking pictures with a camera of a woman modeling.
11159,GY5Dl00LrEI,2,13,297776,clean,41,English,A woman fires a shotgun.
19257,G_hxdUG6QXE,23,28,280252,clean,40,English,A boy is singing and playing a guitar.
6551,GcfWD62sbcs,13,33,682611,clean,122,English,"An animal, with his head caught in a tubular box, is frantically running around and jumping on hedges."
21606,Gh4Beb8StFM,29,50,550906,clean,675,English,A boy pops and locks onstage.
27917,GlW6n43pUQA,0,12,922727,clean,47,English,A man is dancing.
37125,Gm1WnWVXYzQ,0,9,682611,clean,101,English,A girl carrying books is walking down the street when a man in a jeep stops to talk to her.
23422,Gn4Iv5ARIXc,37,40,682611,clean,81,English,A airplane takes off and the scene flashes to a man with his harem.
35270,GnwKcpfr_ng,10,20,135621,clean,67,English,A man and woman are sitting at a tv newsdesk talking.
23650,Goj131_GxYs,2,7,682611,clean,84,English,Someone in a riding habit is riding a white horse in a fenced-in area.
13368,GopEjCCu2jo,2,9,651813,clean,73,English,A baby is smiling.
21296,GtrTNldo0LI,33,46,550906,clean,59,English,A person is shredding carrots.
24872,Gw0FU733zzg,58,66,550906,clean,34,English,A monkey pulls the tail of a dog.
10478,GyIs9B3A1Z0,0,7,550906,clean,18,English,two guy racing in the pool
25243,GzlnqrzdYHU,32,40,682611,clean,65,English,A man and a woman are on stage singing into hand-held microphones.
13651,H1Bok7Dg7g8,21,26,280252,clean,42,English,A cartoon-man is talking on a telephone.
2330,H7vezmDeZaw,2,7,411294,clean,28,English,The man ran and hit the wall.
33648,H9Oplnr8WcE,24,34,550906,clean,30,English,a person surfing a big wave
41812,HAjwXjwN9-A,16,24,682611,clean,67,English,"Women, with numbers on their backs, are skating in a roller derby."
1362,HBCJYhUjVf0,0,9,682611,clean,69,English,A lion jumps and hangs off the top of a fence in an enclosed area.
10825,HDcIB1e9s5A,28,34,682611,clean,61,English,A man and a woman are dancing in a field.
5700,HJHPB_Y8GZE,22,28,682611,clean,66,English,A dog is running and barking at his image in a walled mirror.
48486,HM-ZDoRWiH4,0,5,550906,clean,60,English,A man enters a room.
47302,HN-ccxID8IM,3,10,550906,clean,50,English,A lemur is sitting on the ground looking around.
32062,HO_ovIrLWfQ,1,11,257003,clean,59,English,A man is rowing a boat.
4180,HPFLN5azwtA,56,63,807872,clean,21,English,A badger digs a hole.
31998,HV12kTtdTT4,5,14,682611,clean,65,English,A cat is watching something on a television or computer screen.
14343,HVR7KpItLfA,62,70,760882,clean,190,English,A man is erasing a chalk board.
43833,HYbEf-JKZnA,13,26,252681,clean,105,English,"Using a knife, a man cuts through a row of bottles that are full of water."
27045,HZ-BuDDmvVk,0,10,760882,clean,22,English,A kitten is playing with a ball.
7400,HZqscSWtHmo,24,34,550906,clean,28,English,A man sings into a microphone.
20797,Hd-NeIhbYGc,43,48,682611,clean,50,English,A woman is riding a horse in a pasture.
26949,He7Ge7Sogrk,47,70,550906,clean,34,English,An elephant is painting a picture.
30322,HkpUWzNNVt4,20,30,257003,clean,90,English,Two couples are interacting.
20937,HkuOqWzXYVg,0,12,550906,clean,389,English,A baby otter moves about in his glass cage.
41730,HmVPxs4ygMc,44,53,550906,clean,39,English,Paper is being ripped apart.
5128,HqbVbPvlDoM,0,11,760882,clean,52,English,A woman and dog are walking together.
18949,Hu9Sq1RvuoA,19,62,155632,clean,39,English,A man is performing yoga.
25838,HxRK-WqZ5Gk,30,50,155632,clean,34,English,A boy goes down a water slide.
31177,HypgcCT1r68,38,46,550906,clean,56,English,A female teacher reads to the class.
40027,HzYtvOYOEoU,21,32,550906,clean,130,English,A group of women do a tribal dance.
20436,I9gLTZY1ouc,142,147,550906,clean,38,English,a person walking through the woods
46722,IAvBB2lv8iw,142,148,550906,clean,24,English,a man shooting a gun
42537,IBgsLmDcL78,80,84,550906,clean,348,English,A man slicing butter into a bowl.
39502,ID2xXlUENG0,19,24,550906,clean,21,English,motocross bikers racing in a street race
38892,IEQyCcageGg,99,126,550906,clean,45,English,Several images of rugby players are passing the ball to each other.
26232,IHIa75B9AhI,2,26,295615,clean,69,English,A female blows a huge gum bubble.
16823,INDhUwDMg-4,220,227,682611,clean,55,English,A man does several wheelies on a motorcycle.
27504,ITNh8tWZPOA,5,25,169605,clean,18,English,A guy is playing guitar.
42855,IWhrWLOAin0,1,4,682611,clean,52,English,A large dog gets something out of a refrigerator.
31585,IY1Fn796MoY,7,10,682611,clean,70,English,A boy cutting grass at the edge of a sidewalk turns and yells something.
24131,I_-Nb_0RxpM,1,15,682611,clean,70,English,A man is dancing on a sidewalk with his hands in his pants pockets.
3177,IhwPQL9dFYc,61,75,682611,clean,59,English,A woman dices a potato into tiny pieces with a knife.
33865,IhzXQ-gc9IQ,125,129,682611,clean,88,English,"A man is driving a car, and the man and woman passenger are smiling at each other."
16268,IiIiY6o-C9k,59,64,682611,clean,85,English,A man is talking about a box of something he is holding up that he had pulled out of a larger corrugated cardboard box.
9349,IiTzJQE67FA,36,46,550906,clean,52,English,A man is telling a story to people with masks.
17352,IpHJffM3G1c,412,418,159786,clean,805,English,A chef slices a loaf of bread in half.
964,ItFqogTmAvQ,389,395,682611,clean,80,English,A woman and a man are holding hands and running towards the ocean.
14151,Ixw6wmoC_xg,60,70,682611,clean,79,English,A group of young people attack an older man on crutches.
13234,IytNBm8WA1c,63,67,682611,clean,66,English,"A woman tosses a cat in the air, and the cat hangs off a rod on the ceiling."
10240,J---aiyznGQ,0,6,760882,clean,15,English,A cat is playing a piano.
1588,J3_hkgu6MGc,43,52,682611,clean,81,English,"A car driven down the street at night stops, and people start to get out."
4531,J4otiwOjQy8,98,112,682611,clean,94,English,A man is cutting up a tubular looking white vegetable with a purple rind.
6232,J7zb8YXrmIA,93,99,550906,clean,78,English,A guy rides the bike across the street
44701,J8cP93yG1Ao,14,24,682611,clean,56,English,Two cars racing on a track slide around the curves.
10366,JAFGw0WRHHU,108,116,682611,clean,127,English,A man kneeling next to a woman lying on the floor keeps patting her back as they talk.
25746,JIKaIriiK8w,0,15,257003,clean,171,English,A little puppy is turning on its back.
11593,JIoiUNOXGaI,8,13,682611,clean,62,English,A woman is carrying a huge plastic bag of cans over her back.
2067,JK1R9k1WDpc,6,15,682611,clean,138,English,A herd of elephants are walking single file down a path.
38706,JM4913Fe-ic,4,15,275759,clean,60,English,A baby is singing.
40239,JMUAylpXzG0,45,62,257003,clean,70,English,A woman is cutting pieces from a cake.
6703,JXSkYkiKO0I,42,46,550906,clean,70,English,A man does push-ups.
12932,JYNzY9jmsQQ,2,10,257003,clean,245,English,A dog is picking eatables from the earth and eating them.
39694,J_evFB7RIKA,104,120,682611,clean,64,English,Someone is removing the seeds from a green pepper.
19343,Jag7oTemldY,12,25,550906,clean,26,English,A man is yelling to animals.
4444,Je3V7U5Ctj4,582,587,682611,clean,45,English,Someone is sprinkling cheese on a flour tortilla.
19654,Jfu-WkuCgD0,140,150,682611,clean,70,English,Someone is holding and pointing to a sesame seed bun.
45469,JhCvLmf9yr0,46,50,550906,clean,34,English,Two women are slicing some lemons.
15138,Jj4uYHr65H8,28,35,295615,clean,65,English,"A man forecasts the weather, using a map."
43693,JktNQQnLblQ,4,9,550906,clean,643,English,A cartoon of a woman flipping a pancake.
38514,JledeVyklPw,1,6,651813,clean,16,English,A baby sneezes.
42883,JnNe61UZsdM,78,88,682611,clean,74,English,A blond woman in a slinky gown is dancing.
15258,JntMAcTlOF0,50,70,682611,clean,84,English,A young man is being chased through the woods by three other young men.
10395,JpjAgSvr42k,0,12,550906,clean,34,English,A baby biting on a stuffed animal.
13433,JsD6uEZsIsU,45,58,682611,clean,73,English,"A bearded, bald man is playing an acoustical guitar."
20007,JsmHZlUgf1w,0,21,550906,clean,36,English,A small dog playing in the grass.
46314,Jxw16bqzVqE,18,28,682611,clean,100,English,A panda is sitting eating some kind of plant matter.
36632,K-KVz3eqbnA,1,10,280252,clean,49,English,A girl and a boy are eating their food.
37087,K-czl524zxk,6,15,326919,unverified,43,English,A woman dials a cell phone.
19689,K1ZM0LSLVw8,481,487,682611,clean,98,English,A man is scooping the seeds out of what appears to be half of a peeled cucumber.
20547,K2LxyytY3Dw,104,112,682611,clean,66,English,Two men are karate kicking each other.
11273,K6xy6C-Hsa0,2,28,878566,clean,37,English,A man is slicing a row of mushrooms very quickly.
47899,KFt5Zz5Mwlo,12,30,550906,clean,45,English,A cat playing on a trampoline.
8359,KIEWo_xJ5nU,0,7,651813,clean,16,English,A baby animal is squealing.
5363,KPPCwmU5OHQ,480,486,682611,clean,95,English,Someone is stirring a kettle of soup with metal tongs.
18108,KUc1cWKXjDc,20,30,550906,clean,37,English,Two ducklings wander about outside.
14179,KeSQ5Rv7eH8,73,79,550906,clean,158,English,A Monkey waits on people in a restaurant.
9672,Kf8oZGHDTt4,4,13,550906,clean,40,English,Rocky and Apollo jogging on the sand.
24971,Kms3EXosNS0,8,17,550906,clean,23,English,a chef pealing a onion for a dish
31834,KpmVL4ANieA,0,9,682611,clean,81,English,"A monkey pulls a dogs tail, runs away, then comes back and yanks at the dog's leg, again running away."
18635,KqKUXRHHkCc,101,105,682611,clean,89,English,A young man gets hit in the face by a gooey substance.
10264,Kqb-mmkEWqU,1,5,922727,clean,41,English,A boy is kicking a ball.
47263,KrBeBabazDU,15,20,682611,clean,81,English,A teenage girl shakes her head after hanging up a phone.
3643,Kxa0mnDj0bs,113,124,772960,clean,257,English,A polar bear has placed its chin and fore limbs on the snow and is moving ahead by walking on its hind legs.
30002,L6dEUQ6WiHY,136,142,682611,clean,109,English,"A man jumps from a wooden structure to a wooden dock and slips, falling backwards into the water."
22486,L8h2DazQZJY,0,10,675312,clean,101,English,A girl is riding a horse and jumping barriers.
5899,L9wD3kw-8FE,65,73,550906,clean,40,English,A man chopping a tree with a big knive
30376,LEz0puaKNTk,38,48,297776,clean,35,English,A man kneads a wad of dough.
19541,LF51fban_x4,300,325,550906,clean,31,English,A man making a bed in a hotel.
30501,LLkehH86ABY,30,36,682611,clean,66,English,A young man seated on the floor is playing a guitar.
691,LQ-jv8g1YVI,1,6,760882,clean,21,English,A cat is on a robot.
43390,LSuVRWPoHr0,0,37,550906,unverified,214,English,A carrot being sliced and diced.
8190,LYSPQqUvNO0,43,57,550906,clean,1508,English,A dog fishing in the lake.
10101,LacBy2NT3YQ,12,17,992484,unverified,76,English,A rhino takes a walk.
39203,Li3umATsU0E,1,5,682611,clean,92,English,A cat staring into the camera meows.
33046,LjimLwAhAOQ,5,15,181773,clean,30,English,A girl is taking on the phone to another girl.
23488,LqPIBHAmt4E,22,30,651813,clean,30,English,A man is playing guitar.
17259,Lr8ds5iY5uk,8,15,550906,clean,36,English,A man is giving a lecture on a podium.
3026,Lt1JijkvSKk,0,10,682611,clean,180,English,An animal sitting on someone's lap in a car is playing with a small object on a chain attached to the window.
14025,LuQ0KiMMhoI,49,64,297776,clean,38,English,A man arranges books on a shelf.
7302,Lw0eGsYxElA,11,14,682611,clean,60,English,A man in a suit snaps a stick in half.
46844,LwicaralvS0,90,104,760882,clean,25,English,A man pours sugar in his coffee and drinks it.
16295,LwvyrDxM2G0,0,11,309959,clean,20,English,A man held a baby monkey in his hand.
38159,Ly5D0z9gKtc,15,20,760882,clean,19,English,Kids are eating burgers in a kitchen.
18430,LyYJiKxHZz0,0,10,374994,clean,19,English,Runners are racing on a stretch of road.
14716,Lyp7MiaCXNE,114,120,682611,clean,67,English,Someone adds a few drops of clear liquid to a kettle with an eyedropper.
23762,M4It3DrhbE0,13,22,550906,clean,45,English,A kitten tries to subdue a bunny.
2273,MF88IYF2MHY,25,59,550906,clean,41,English,An angry cat hissing and scratching.
30236,MHIVmf42Ao4,31,36,435773,clean,25,English,A man is pouring pancake mixture into a frying pan.
23814,MHWxjWwAbwM,10,25,682611,clean,61,English,A dog climbs up some carpeted stairs.
41051,MICawzo1MqI,3,13,280252,clean,47,English,A man is making a call on his mobile.
5786,MJNStEgDKXU,3,10,309959,clean,31,English,The dog sat down and barked a welcome.
5276,MJoxGpEswOI,9,16,550906,clean,39,English,a basketball player making a shoot while lying on the ground
9609,MMnnqzOoMF0,68,72,682611,clean,77,English,A girl moves a picnic-like table one way and a boy moves it back.
8553,MPuKVz3sjBA,1,12,550906,clean,21,English,A baby laughing on the couch.
31025,MSrJTeKNzdI,32,36,682611,clean,51,English,Someone is snow skiing down a slope.
13746,MTjrZthHwJQ,2,11,651813,clean,10,English,Two dogs are swimming.
449,MTkGPfMRXtc,5,21,548844,unverified,32,English,Rubber band trouble.
29211,MW21lp833Vo,143,149,682611,clean,64,English,A man is crying while tying a rope into a noose.
10630,MWvCcwTw7Ac,154,181,550906,clean,38,English,A dog biting on a can.
36352,MWzeInQaUk4,12,20,682611,clean,80,English,"A man, accompanied by a band, is singing into a microphone and playing a guitar."
37357,MY-rGamtAJc,6,22,550906,clean,28,English,A cat stares out of the window.
99,M_TP6UTrh30,343,358,374994,clean,37,English,A band is performing for a large crowd.
29580,MdOAr_4FJvc,5,15,169605,clean,15,English,A boy is playing piano.
10769,MoqC84sXu88,47,59,252681,clean,16,English,A man is walking on a tightrope.
23045,MqS82kBtUHQ,0,12,135621,clean,136,English,A dog is laying in front of a mirror looking at it's reflection.
37938,MrMG15y3rWU,5,13,159786,clean,1931,English,A frog attacks someone's finger.
28325,MrQd1zUVRUM,103,110,762891,clean,16,English,The women were kissing each other.
630,Ms3QdGIzltU,1,16,772960,clean,173,English,A brown Hamster is eating some nutshells placed on a table.
41987,Mutb8BHFvzk,15,20,878566,clean,34,English,A man breaks an apple in half with his hands.
40462,MwOEK-KXSPc,1,10,682611,clean,198,English,A monkey is brushing the hair of a large white dog.
33424,N2Cm0SLr0ZE,18,29,155632,clean,19,English,A boy is playing guitar.
40491,N3A7944_UJw,63,70,550906,clean,46,English,A chef cooking food
46142,N5wsl86P37Q,1,15,550906,clean,31,English,A person is playing the keyboard.
15026,N6SglZopfmk,97,111,550906,clean,625,English,A man applying shaving cream to his face.
46663,NFxWwI0J3As,78,84,878566,clean,29,English,A girl is riding a horse bareback.
23363,NKtfKR4GNjU,0,20,550906,clean,49,English,A boy playing baseball.
43284,NMlKMfiHSho,1,15,682611,clean,154,English,A cat is trying to use it's mouth and paws to get a small plastic bottle someone is holding.
46638,NNYLo1OeZ-Q,48,54,682611,clean,69,English,Someone is scrubbing a zucchini with a brush under the running water from a faucet at a sink.
48109,NUYu9c9XsgY,7,21,550906,clean,22,English,a person hands typing on a computer
18064,NV6pq1W-I4g,7,16,280252,clean,44,English,A woman is smoking a cigarette.
27591,NVGGgncVq-4,111,117,682611,clean,138,English,A girl is running as the ground is cracking open behind her and she drops her stuffed bear.
37156,NZWiKMZS_k8,39,48,215924,clean,42,English,A girl combs her hair.
12008,NaX51emUDn4,0,20,550906,clean,36,English,A cat stares at a dish being filled with water.
10862,NbOlG7THecM,25,34,682611,clean,157,English,Someone is cutting a strip off a rectangular block of wood with a band-saw.
18595,Nd45qJn61Dw,0,10,682611,clean,87,English,A man in a surgical mask is holding two small animals in the palms of his gloved hands.
36012,Ne87egvJnWo,0,3,651813,clean,65,English,A man is breaking bricks with his foot.
2946,NjCqtzZ3OtU,303,307,550906,clean,42,English,A woman places a small box in her mouth.
45915,NjblUomxFQo,100,108,760882,clean,32,English,Women are using a blender.
22805,NoCgvH4xZHo,240,251,682611,clean,59,English,A woman is cooking pineapple slices in a pan on a grill using tongs.
3268,O06WXS_XZN0,0,6,550906,clean,37,English,A man is petting a tied up dog.
28608,O2qiPS2NCeY,2,18,550906,clean,27,English,A bird is eating from a dish in a tree.
43309,O9cOSO9L8Zs,1,16,922727,clean,21,English,A man is swinging on a rope.
30205,O9yLRzpPp44,36,55,682611,clean,143,English,A woman is talking while opening and applying a tube of mascara to her lashes.
31921,OBLIjdMIIt8,54,61,760882,clean,32,English,A group of cars are driving down a road.
37051,OCcy9TDRGKo,118,127,682611,clean,99,English,Someone is sprinkling cheese on toasted slices of French bread.
30999,OE6H_M52Sng,89,97,682611,clean,172,English,A man squeezes the liquid out of some mixture wrapped in a cloth into a pan and then talks about it.
26468,OIg10Bl7urs,0,10,682611,clean,49,English,A cat is eating corn on the cob.
8987,OIjsSu_I4So,6,10,682611,clean,64,English,A truck or van is being driven down a road.
20112,OKBLPpAPp9c,2,17,550906,clean,46,English,A person is drawing on a piece of paper.
32267,OO-5-eVEKPA,25,31,682611,clean,52,English,A young girl seated on stage is playing a baby-grand piano.
2028,OUII8_aOfNM,60,69,777192,unverified,15,English,A butcher cutting up meat.
14599,OVEe1DMsOq0,43,52,297776,clean,36,English,A number of ferrets wander around in a cage.
22267,O_NWtDShLeg,21,25,682611,clean,67,English,A woman is watching a man fill up the gas tank of a car.
47594,O_Pst-uryQI,1,14,682611,clean,170,English,"A woman appears to be hit by lightening and is bleeding at the mouth, and a crying man holds her prone body as they talk to each other."
30032,OaBmAg6gz30,4,18,682611,clean,77,English,Someone is slicing a cucumber using a hand slicer.
27119,ObBss94n3gI,35,46,550906,clean,33,English,A man slices an onion.
40212,OfgSCMxttCc,86,92,682611,clean,79,English,A man is holding up and talking about a gray You Tube T-shirt.
19758,Okg8QYhdtvU,48,53,550906,unverified,71,English,A knife is being sharpened
3134,OpR1Er5o6IY,209,217,617730,clean,30,English,A man dangles a mouse for a snake to eat.
15642,Oq3FV_zdyy0,843,855,411294,clean,16,English,The girl is using sign  language.
22240,OvRmRN1-O0Q,21,25,682611,clean,77,English,Two women in nightgowns are running from some kind of monster.
44622,Ow_o78zjo14,42,57,651813,clean,15,English,A monkey is playing drums.
43236,OxL9z2BzBnk,0,19,550906,clean,37,English,A small puppy wagging it's tail.
10138,P2WM91LENgk,40,50,682611,clean,85,English,"A man is seated, singing into a microphone and playing a guitar."
15072,P4IjNV3lZkQ,136,144,682611,clean,794,English,A woman pours oil into a skillet from a plastic bottle while she is talking.
14745,P6eo3LULuuc,1,11,651813,clean,13,English,A car is driving.
39124,PAN5IVvMlVc,17,23,682611,clean,40,English,Two girls are dancing.
11392,PAm82v0AMFc,5,10,682611,clean,65,English,Someone is riding a white horse.
11026,PBHZtoygOYg,450,465,297776,clean,35,English,A man aims and fires a rifle.
992,PCXHuseKwDc,17,20,682611,clean,81,English,A man is pouring antifreeze from a large jug into a funnel into his car.
28050,PD6eQY7yCfw,32,37,682611,clean,81,English,A young man throws a basketball from a long distance and makes a basket.
37459,PECk9A-07Pw,1,9,550906,clean,39,English,A man playing the accordion.
1786,PHDmVhShE80,20,29,411294,clean,24,English,The woman is cutting a tentacle.
9548,PJnJMp2ZpbA,3,15,550906,clean,55,English,A little boy dances around his younger brother.
35324,PNMsPz1701c,3,20,682611,clean,105,English,"A boy picks up a large log with hand holds cut into it, and raises the log above his head."
18823,POv7JaE3vJ8,40,50,682611,clean,62,English,"A man, wearing a billed hat, is playing the harp."
13080,PQbkdRbir0M,45,53,550906,clean,27,English,a girl making lemonade
32466,PTxHJMM6hHE,0,15,682611,clean,158,English,A boy in a seat belt in the backseat of a car is yelling at the electronic game he is playing.
16905,PeUHy0A1GF0,99,103,682611,clean,75,English,Someone dices carrots into small pieces and adds them to a salad.
35229,Pgm-mOQu2MM,48,62,651813,clean,16,English,A woman is dancing in rain.
8896,PiyoeFC31kE,9,27,550906,clean,53,English,A man rides two horses around in a fenced area.
2475,PmrTDZy3f2M,35,39,682611,clean,56,English,Two men are slam-dunking basketballs into basketball hoops.
15558,PqSZ89FqpiY,65,75,550906,clean,35,English,a person preparing broccoli
42046,PqvKNqkGI9o,47,52,682611,clean,120,English,Four men are fighting and one man throws an armed man over his shoulder onto the ground.
5044,Pr5LQq42l4M,12,17,550906,clean,200,English,A man with a wig jumps across a building.
36432,PslVHtXc7Tg,8,14,682611,clean,75,English,A man driving a car runs into the side of a parked car in a parking lot.
1549,PuQVs2Ch1LY,5,15,682611,clean,47,English,A girl wearing glasses is playing the flute.
35389,PugziVUikEg,117,140,550906,clean,63,English,A young woman does her eyebrow.
46581,Puh1n8DTKw8,2,9,257003,clean,66,English,A little child is walking in a corridor.
44105,Puv_4NtflqE,26,34,682611,clean,65,English,Someone is pouring oil from a plastic bottle into a skillet.
2900,Q-soOsOLIGQ,0,22,682611,clean,67,English,A man is instructing a boy about batting.
23530,Q6HuQEIJqcA,9,16,878566,clean,37,English,Two puppies are wrestling on top of newspaper.
19008,Q7H9mI9dtMY,20,34,550906,clean,312,English,A woman is filling a pitcher with water.
11661,QA_JTtM1hKA,5,15,155632,clean,23,English,A guy is playing electric guitar.
9106,QGJy1K91gP4,90,100,760882,clean,42,English,A group of trees are being blown by the wind.
7529,QGgJlHi3tjw,1,15,550906,clean,62,English,A motivational speaker does a speech.
7669,QHkvBU8diwU,1,18,181773,clean,37,English,A man is playing a guitar.
40600,QMJY29QMewQ,42,52,550906,clean,55,English,Eggs are being prepared for a meal.
6601,QOmrchUPnBs,10,20,682611,clean,61,English,A man is playing a large flute-like instrument.
4044,QT8iCDc7NGU,18,23,682611,clean,76,English,"A woman, wearing yellow rubber gloves, is talking while washing the top of a chest freezer with a cloth."
32825,QTAqjSbMkXU,65,75,550906,clean,39,English,A women preps a salmon meal.
9850,QVSt5USMkMg,43,50,682611,clean,154,English,"A woman appears to be feeding a large long-eared animal, while another woman points and watches as they both talk."
28018,QhRqJp-CgEs,7,14,215924,clean,42,English,A girl floats on a raft.
23304,QjI3Y8ZKSqs,30,38,550906,clean,43,English,A woman does her laundry on the lake.
44016,Qjbcibrv3L0,26,32,135621,clean,285,English,There is a view of a pilot in the cockpit of a jet airplane and then the scene switches to a view of exterior of the jet flying.
11756,QklHhN8pQBE,0,10,155632,clean,17,English,A guy is singing.
38825,Qp-k0H93iJE,35,39,651813,clean,27,English,Men are playing cricket.
26498,QqYWLR47eLI,10,18,682611,clean,113,English,An animal is sitting on the wooden arm of a kitchen chair and eating something red.
36795,QsC8__3lwO0,50,60,159786,clean,1373,English,A chef seasons a game bird.
27775,QsvBYKaCXEc,5,15,280252,clean,72,English,A big fish is swimming in the water.
6969,Qtu-PXuvCx4,12,17,807872,clean,32,English,A baby eats a chocolate bunny.
34193,Qwn0Ni9G5ow,64,69,550906,clean,35,English,a car traveling through the city
794,QzcTlEpAigQ,0,14,878566,clean,24,English,A beagle is peeing off a boat into the water.
15420,QzulzuWr0Zw,20,45,550906,clean,63,English,Four girls are paddling on a raft.
41550,R0e8ojL0vcc,8,14,550906,clean,31,English,A chef cutting banana bread
36151,R1UrFBF_0iU,35,41,682611,clean,205,English,A man dressed in a white robe and head gear picks up a man and throws him and then picks up a large board.
26108,R24RktgUi-s,24,28,878566,clean,41,English,A soccer player is running on a field.
48730,R2DvpPTfl-E,20,25,550906,clean,20,English,a guy typing on a computer
5203,R3a9r8qFlhQ,0,12,550906,clean,89,English,A chef is preparing a snake for dinning.
45836,R8FDJgVW3Vc,0,4,651813,clean,58,English,A woman is tapping her nails.
10899,RJNBxdDQOw4,13,26,550906,clean,78,English,A kitten drinking milk.
13710,RMznbCn5sQs,0,10,682611,clean,52,English,Zebra are running in an enclosed area.
26296,RQYLGNbal2c,5,10,922727,clean,30,English,Men are riding horses at night.
4717,RSx5G0_xH48,12,17,215924,clean,30,English,A dog barks at the screen.
7755,RWWvWFeE6_Q,2,26,682611,clean,74,English,A young man is pushing a van down the street.
15472,RX6NSOuCCAE,13,27,550906,clean,71,English,A man is throwing blades into a close target outside.
36458,RZL9irxnhZ0,34,40,550906,clean,32,English,A man is being interviewed.
31322,Rf0TUCA3XNs,3,16,651813,clean,38,English,A girl is playing guitar.
31130,RieF9wrFd8s,1,8,550906,clean,100,English,And is fired into an open area at night.
43590,RiglOfJon8I,3,18,550906,clean,24,English,A soccer player arguing with a referee.
33184,RjpbFlOHFps,8,25,550906,clean,54,English,A bomb is off outside of a city.
15714,Rm-RnxN4oHA,215,225,550906,clean,35,English,A man firing rounds outdoors.
25527,Rq_VfjGH7kg,104,110,159786,clean,577,English,A couple ride on a scooter.
13289,RvJH_POzxmc,10,25,550906,clean,35,English,A group is performing a song onstage.
2503,S-Civm_fbK8,20,26,550906,clean,34,English,A man kicks a soccer ball into the net.
25980,SFFfhAUEoj0,10,16,682611,clean,66,English,A young man is seated in a chair playing a guitar.
38780,SJZFNwfcSOw,3,18,169605,clean,12,English,A guy is playing guitar.
28971,SKhmFSV-XB0,12,18,550906,clean,52,English,A little girl shown singing.
20323,SRzoLVNgHoI,56,66,550906,clean,43,English,Three women are dancing outside.
13173,SULWQEAErKw,13,26,550906,clean,50,English,A huge turtle is walking on land.
36700,SZP3Jpbbwj0,52,59,550906,unverified,53,English,A basket ball player does a hook shot on his opponent.
14670,SaOqf2d-y30,22,27,550906,clean,25,English,A kitten meows.
34471,SaYwh6chmiw,15,40,550906,clean,85,English,A train slows down and stops.
9384,ScdUht-pM6s,53,63,159786,clean,82,English,A chef prepares raw poultry.
17985,Sg5rTYrkpnU,35,48,682611,clean,74,English,A man is pushing a van from behind while being filmed by cameramen.
42594,Sj6GSmDpNDw,0,12,550906,clean,29,English,A group of couples are dancing in an event.
15332,Sq7Vt6KC9Yg,17,35,550906,clean,63,English,garlic and pepper are being mixed.
13788,SrDE9-cDz48,4,12,682611,clean,98,English,A red panda is grooming itself with it's tongue.
5246,SzEbtbNSg04,111,117,682611,clean,80,English,Someone removes the glass lid from a pot of boiling water and puts uncooked spaghetti into the pot.
28781,T6lPRKRpu9w,32,39,169605,clean,17,English,Two men are talking.
24011,TF6LNmwDr_0,2,10,550906,clean,29,English,A cat licking a lollipop.
41676,TFJ6oR89Vb8,90,107,550906,clean,622,English,An omelet is being cooked in a pan.
14566,TIubRrkku-4,1,10,760882,clean,33,English,A man is spinning in a machine.
39934,TPD5wO_LEPU,2,6,682611,clean,69,English,A young boy is cleaning a wood floor with a sweeper.
17660,TPhpsIK7pDc,25,32,760882,clean,15,English,A hedgehog is sniffing.
47221,TXabUVUxJqI,22,31,760882,clean,24,English,A man is exercising.
32496,TZ860P4iTaM,11,20,550906,clean,24,English,A cat plays the piano.
20064,Td29-SApubM,48,57,550906,clean,38,English,A Polar Bear pup looks into the mirror.
29108,TdYN7cePiRI,6,13,682611,clean,87,English,A very muscular man is lifting barbells.
11229,Ted3imMggC0,48,58,295615,clean,70,English,A female applies something to he hair with her hands.
16145,TgFmoZj3NoM,10,18,682611,clean,56,English,Someone is slicing white onions with a cleaver.
3425,Tied-t1fFsk,15,20,922727,clean,23,English,A man is shooting a gun.
32026,TjLCJKoot4U,43,65,411294,clean,28,English,The lion is chasing the bear.
41637,Tm1HjqK0ABg,9,15,135621,clean,62,English,A boy is skateboarding in a busy city area.
15205,TnPOZVHB3x0,45,55,550906,clean,35,English,A man skates down a stunt course to do a trick.
21061,TsagxA4DKuc,28,41,252681,clean,17,English,A man is sweeping a room.
36558,TvBsaMgqh5s,61,68,550906,clean,27,English,A lady cooking meat in a pan
7240,TwQzFqBqgeA,0,10,227134,clean,33,English,A man is relaxing on the beach.
10590,TxzxPyfsSxY,0,10,760882,clean,71,English,A cheetah is chasing prey.
22194,UDwvax7K57c,28,35,550906,clean,25,English,A cat jumps in a bag.
44363,UI3Cbj9fbxQ,2,23,550906,clean,58,English,A woman unsuccesfully attempts to change a flat tire.
33813,UJKythlXAIY,17,21,550906,clean,31,English,A marching band plays in the woods.
2154,UXs3eq68ZjE,255,260,682611,clean,67,English,Someone is stirring rice in a kettle of water with a wooden spoon.
3855,UbmZAe5u5FI,16,23,682611,clean,43,English,A woman is thinly slicing a cucumber with a knife.
1393,Uc63MFVwfrs,360,372,682611,clean,68,English,Someone is cutting a cooked potato into bite-size pieces.
13613,Ud3Qy8m6OxQ,52,62,682611,clean,75,English,A young boy is riding a tricycle in circles on a patio.
35117,UdcObAQ5OOM,15,30,682611,clean,72,English,A woman in a ski cap and sunglasses is riding in the back seat of a car talking on a cell phone.
27446,UgUFP5baQ9Y,0,10,651813,clean,14,English,Three woman are dancing.
46960,Ugb_uH72d0I,8,17,257003,clean,53,English,A man is playing a guitar.
42639,UhI-p6AysWY,25,30,550906,clean,19,English,a white cat licking his tongue
5564,UnWgz-mVMXU,2,6,550906,clean,31,English,A kid sliding down a poll
34554,UoPU8F9mus8,258,262,435773,clean,24,English,A lady is exercising.
29046,UqBafx3iRKw,22,29,550906,clean,24,English,A tiger club is playing with a ball.
29431,UxhKb-zZoWE,0,15,550906,clean,44,English,A sumo wrestling match is going on.
5399,V--abChiVVc,30,40,550906,clean,75,English,An assemble of men dancing.
14480,V4q5dQmpxIE,20,30,760882,clean,48,English,A boy plays a trumpet.
4003,V6Fxclwdfxc,56,66,550906,unverified,197,English,A bird carries his ball up a ladder.
1152,VF1K_6ZSOAY,23,28,682611,clean,77,English,A woman is writing at a desk and a small box slowly moves toward her.
22028,VLBsAPZ2DDE,34,41,155632,clean,23,English,A boy gets knocked down by a dog.
39369,VU4qLrk5axA,40,58,550906,clean,45,English,A soccer team practicing drills.
7876,VZ6H73nH7xs,27,33,651813,clean,44,English,A cartoon is swinging.
11622,VahnQw2gTQY,274,280,760882,clean,35,English,A person slices a bread.
6369,VfqlfprZsaQ,75,85,682611,clean,78,English,Three women in harem costumes are dancing in front of an audience.
43463,Vg1jyL3cr60,163,186,550906,clean,38,English,A group is playing musical instruments.
13343,ViM0JjUoqRw,10,20,707318,clean,95,English,A person is dissembling a web cam.
37416,ViWQUOGIaSU,9,16,297776,clean,32,English,A ballerina dances on a stage.
39291,Vn0Xv0fb1z4,18,30,682611,clean,78,English,"Two lions, seated on a couch, are watching animals on a television."
34114,VuCFgiWfVF4,0,6,682611,clean,187,English,A young man takes a six-pack of beer off a shelf and takes it to the counter where he turns and walks off with it.
10709,VxM96IYzw0Q,2,15,257003,clean,438,English,A big group of people are watching a plane in the sky.
33290,VyBXcQ1v_cw,7,15,760882,clean,14,English,A man lifts weights.
32207,W1052h2rzoA,91,98,682611,clean,51,English,Two men are dancing like robots on stage.
28430,W20Btaww6zc,134,139,550906,clean,32,English,A man chopping mushrooms.
9432,W6_XuNhgtrM,2,5,550906,clean,32,English,A dirt bike racer jumping through the air
14384,W8_63NiTENw,23,30,550906,clean,25,English,A man bbq on the grill
7588,W8l_ezoU8Lc,55,70,159786,clean,354,English,A man is playing a guitar.
15382,WAa4-cctmDk,55,70,615204,clean,41,English,A lady is rolling dough into a flat round shape.
15615,WEJfT-oB4v4,20,35,682611,clean,182,English,"A dog looking at himself in a mirror waves, bites, and barks at his image."
29486,WFNXwor69-U,33,40,550906,clean,21,English,a elephant going into a food store
18704,WG0J2B19ZT8,1,33,922727,clean,41,English,A woman is getting her hair styled.
2735,WPG-BIWOrG4,672,677,682611,clean,63,English,A man is slicing open a fish longways with a knife.
1661,WTf5EgVY5uU,98,104,807872,clean,18,English,A woman breaks an egg.
35486,WTx-K045yQM,85,98,682611,clean,93,English,Someone is slicing a tomato with a serrated knife.
40952,WV9K6MbLjHA,106,116,257003,clean,360,English,One man is riding a horse in a field.
538,WWf0Z6ak3Dg,5,15,878566,clean,27,English,A bulldog is chasing a large blue ball around a yard.
20407,WZTGqvbqOFE,28,34,682611,clean,68,English,Someone rides a bicycle down a street doing a wheelie all the way.
25468,W_iR4YVCxUY,8,15,772960,clean,104,English,A black colored pet dog is biting a stuffed toy fish.
29955,WeOU0Iba1Xg,1,30,550906,clean,2150,English,A man galloping on his horse.
37885,WinaH9SkW9c,11,38,922727,clean,24,English,A man is riding a horse.
29924,Wnz3IevSNg0,1,8,682611,clean,175,English,A man sitting on frozen ice is fishing when he is knocked into the water by a whale that comes crashing through the ice.
8465,WpB4-eLyiBc,10,20,682611,clean,43,English,A man is playing a guitar and singing.
12619,WqQonRVs7WA,0,10,682611,clean,111,English,A raccoon-like animal is hanging upside down from the back of a chair and eating something white.
9024,WqwcWk1In_g,46,54,550906,clean,30,English,A cow eating hay.
6313,WrsS6X-FB-I,30,47,257003,clean,311,English,A person is slicing bread with a bread knife.
38943,Wv3u2q3oGeU,35,45,682611,clean,39,English,A man is playing an electric keyboard.
35523,WyIqGyj21Dk,0,10,682611,clean,91,English,Someone is drawing on George Washington's face on a one dollar bill.
38604,X0UJaprpxrk,18,26,164462,clean,1324,English,A Batman & Robin movie clip of them in a helicopter.
21114,X4yzrIc072w,4,20,435773,clean,30,English,A guy is playing the guitar.
43176,X56XkGFe7OY,47,61,550906,clean,52,English,A bunch of raccoons are eating peanuts.
48675,X6uJyuD_Zso,3,17,878566,clean,40,English,A person is dicing an onion.
5664,X7sQq-Iu1gQ,12,22,682611,clean,82,English,"A man, with his eyes closed, is singing into a microphone."
12865,X98fLZHIzWQ,15,20,548844,unverified,38,English,Cat really wants some cake.
39554,XEOH3t5AYY0,22,29,550906,clean,28,English,A man rides a bicycle.
11071,XNV7hKVu-Xg,40,47,682611,clean,220,English,"Several males are riding horses, when the scene flashes to two men driving a stagecoach, then back to three of the horsemen."
25146,XNzXXiE6qR4,0,10,682611,clean,57,English,A black dog is riding a skateboard.
19141,XOAgUVVwKEA,8,20,252681,clean,31,English,A child is eating spaghetti with his or her fingers.
2440,XZ0Ch_ClBfo,120,127,682611,clean,59,English,Three men run into and play in the ocean.
5951,X_NLV2KCnIE,60,70,550906,clean,38,English,A man shooting a car.
6576,XdB0pVjFYoU,1,8,682611,clean,80,English,Someone is holding a small monkey.
932,Xh6rdpJNaf0,0,15,760882,clean,84,English,A bunny is licking itself.
28401,Xp6rxW4hFFo,32,40,682611,clean,90,English,A man pokes a drinking straw below his chin and opens his mouth to reveal the straw.
6199,XtQdAPV2UZs,4,11,682611,clean,79,English,A man picks up the front of a blue convertible.
42813,Xvy21KrDv8I,0,10,135621,clean,69,English,A badger climbs out of a hole and walks down a path.
24642,Xwrl4htUPjo,22,38,900725,unverified,51,English,a man is cooking an egg
28092,Xxcv5jvRmcg,39,46,550906,clean,48,English,A woman picks a lobster from a box.
1265,XzCcRzEa83U,1,8,411294,clean,20,English,The monkey pushed the other monkey.
6920,Y4BeJ-64294,20,30,550906,clean,51,English,A man shoots at a barrel.
20484,Y4gaJn0wlDE,0,10,155632,clean,23,English,A baby rabbit is cleaning its paw.
45875,YAud4eS3DoA,54,65,326919,unverified,40,English,A man rolling out dough.
16114,YEmS8ZQIhTA,7,20,682611,clean,74,English,"Two teams are playing basketball, and a man on the white team makes a basket."
29733,YJ2aGe7CLBo,25,35,682611,clean,63,English,A boy is playing with a telephone.
25190,YRSOc193Pxc,68,73,297776,clean,37,English,A boy attacks a piece of red paper with a pair of scissors.
48424,YS1mzzhmWWA,9,16,252681,clean,17,English,A man is peeling a carrot.
16704,YUlG_PKzpvc,0,8,682611,clean,68,English,A multitude of penguins are walking.
4223,YXixZrSxefk,6,15,550906,clean,44,English,A man is demonstrating peeling a potato.
25802,YZ0-6hdQ0mU,0,3,682611,clean,63,English,A man is tying his tennis shoe in a bow.
26560,Ya-MkA187c8,36,45,651813,clean,19,English,A woman is playing the guitar.
34684,YersIyzsOpc,15,30,682611,clean,106,English,"A young man comes into a bedroom and throws a tantrum, slapping and hitting the bed covers."
43434,Yh2N6ZtRBdU,110,120,682611,clean,88,English,A man seated on a park bench is rocking a woman seated on his lap.
36224,Ylb4pnW-jP4,102,113,550906,clean,34,English,A young man running down the stairs.
9935,YmXCfQm0_CA,50,57,682611,clean,56,English,Two men are pushing loaded carts through the woods.
30804,YndZ9YulpTo,61,76,682611,clean,67,English,Someone is chopping up a tomato into small pieces.
32113,YwmUgVrUJ4I,0,15,760882,clean,56,English,A woman is doing weight exercises.
18761,Z-An1QQ66f0,13,25,550906,clean,61,English,A woman rides motor cycle.
38485,Z10_CDPQKKs,1,6,682611,clean,71,English,A boy jumping on a pogo stick is pushed off by another boy.
31231,Z19zFlPah-o,6,11,252681,clean,59,English,Clouds are quickly floating past a building.
39321,Z3XarHZ3HpY,10,17,550906,clean,28,English,A tiger runs out of the jungle.
44566,Z3m9V8qPXhQ,13,24,550906,clean,24,English,A man playing drums.
32902,Z3rj9LbCOaM,0,12,550906,clean,31,English,Baby otters playing in a pool.
31796,Z8rTzW9Gb6Y,116,123,682611,clean,15,English,A woman is eating a piece of fried chicken.
48198,ZDoy9S82ETA,5,15,550906,clean,43,English,A stunt car is being driven uphill.
30670,ZK4W-2ifl6I,1,28,215924,clean,51,English,A dog drinks its bath water.
23904,ZL7P_XmSnEY,205,209,550906,clean,54,English,a band playing music
3796,ZN2_czSBSD0,240,250,878566,clean,29,English,A man is running towards a tornado in an open field.
43135,ZYaxg5NZW_g,21,27,651813,clean,29,English,A baby monkey is eating.
23266,ZbtpcGi2DWY,56,62,760882,clean,15,English,A polar bear is walking on snow.
0,ZbzDGXEwtGc,6,15,550906,clean,24,English,a plane flying in the sky
33463,ZdNP0dXCx2I,78,90,550906,clean,30,English,a man and woman riding in a car
3229,ZdlG8fjGJlo,78,87,682611,clean,89,English,Someone cuts a piece of green pepper in half and adds to a blender containing tomatoes.
17180,Zg0p5TXi_Cc,30,46,550906,clean,73,English,a man cleaning the top oh his appliances.
3688,ZlX_Gy4HP2E,38,55,550906,clean,24,English,A woman demonstrating a walking exercise.
43077,ZnLgsasu82g,71,81,550906,clean,53,English,A boy rides a bike on a fence.
35928,Zoz0HcCB1vU,0,10,550906,clean,68,English,Snow dogs are pulling sleds.
12539,Zqmx-nXhLAg,0,10,682611,clean,104,English,"A young man is holding and petting a small animal, while another another man watches."
5609,ZsrPKtx0qyg,7,15,550906,clean,27,English,A puppy wagging his tail on the steps.
31052,ZvJvNcukZ4w,0,10,435773,clean,20,English,A badger and a fox are fighting.
4993,ZxqkAGNyo8A,12,22,550906,clean,18,English,a baby playing with a toy piano
7048,_0nX-El-ySo,83,93,682611,clean,69,English,A man is cutting a piece of paper in half lengthwise using scissors.
10313,_1vy2HIN60A,32,40,550906,clean,95,English,A wallaby bagged in a office.
4386,_6OTzzK7t9Y,158,170,550906,clean,28,English,A man is playing the piano.
3883,_7nP9z6T9m8,11,17,617730,clean,52,English,A bicyclist hits his face on a road sign.
20971,_9iG5Ge01PM,3,11,550906,clean,37,English,A kitten moves about.
9965,_JVxurtGIhI,32,42,550906,clean,25,English,A woman sings on stage.
37981,_JorUS-8Nlg,63,73,682611,clean,110,English,A bus is being driven down a street with a group of people sitting on it's roof and hanging off the back.
7939,_KMoC6ZdeXs,10,16,682611,clean,37,English,A young man is seated and playing a guitar.
3058,_O9kWD8nuRU,25,35,682611,clean,241,English,A woman is cutting a yellow vegetable-looking substance into pieces.
46496,_OBlgSz8sSM,15,32,550906,clean,68,English,Two young boys are playing together.
5489,_QJbjKkfdcs,52,57,135621,clean,52,English,A man is playing a violin and then a woman starts to sing.
5092,_SNE2MYAotU,41,49,682611,clean,66,English,Someone is petting some kind of animal.
10988,_UqnTFs1BLc,23,27,760882,clean,38,English,A girl is drinking from a cup.
3535,_WRC7HXBJpU,414,425,651813,clean,35,English,A man is adding water to a pan.
31409,_ZwwKOzpt2I,69,76,922727,clean,34,English,Meat is being sliced.
3958,_o1UXSxTjfo,68,80,159786,clean,265,English,A man bags produce and talks to a group.
37200,_pBeOAMjGm8,1,18,280252,clean,34,English,A man is playing a guitar.
18524,_pj2Nutu5v8,1,8,159786,clean,554,English,An infant speaks into a microphone.
45076,_sJ_09Mf1HY,49,72,550906,clean,46,English,A boy is dribbling a soccer ball at a show.
1191,_txL575S_OA,13,23,772960,clean,295,English,A dazzle of zebras are grazing on grassland.
15947,_xf24TYgbuY,14,20,550906,clean,72,English,Paper towels are being placed under some bacon.
6028,_yUiusXxfWI,150,165,550906,clean,48,English,Jute wine is being cooked in a wok.
30128,a-cek0mvXxE,15,25,922727,clean,24,English,A man is polishing a floor.
46100,a0g7wtBkS98,34,42,760882,clean,31,English,A girl dives into a lake.
1052,a1Y73sPHKxw,0,5,252681,clean,31,English,"While standing on its hind legs, a prairie dog turns to look at the camera."
13518,a1i6T160REQ,5,18,550906,clean,29,English,A man feeding a baby kangaroo.
38558,a28s_wyqkyc,68,77,760882,clean,21,English,A man is running.
22834,a8PAY4rvzRM,1,10,550906,clean,37,English,A rooster playing with a dead animal
32653,aA05I5QaZnM,66,75,878566,clean,37,English,A young woman is curling her hair with a round hairbrush.
12262,aC-KOYQsIvU,25,31,682611,clean,76,English,Someone is stirring something in a saucepan with what appears to be a stick.
30570,aCKNdip53W4,0,25,760882,clean,32,English,A sleepy baby is sitting on the floor.
36914,aDjNl5gs4nM,18,47,550906,clean,23,English,A person cutting a up a onion
35353,aGUx0QOKWXw,7,12,682611,clean,232,English,"An episode of ""I Love Lucy"" where Desi lights Lucy a cigarette."
3476,aHiUM8uWxxo,17,25,550906,clean,33,English,two boys flying a toy airplane
38860,aJoDt4DMkFU,118,124,682611,clean,71,English,Someone is sewing quilt squares on a sewing machine.
19486,aK8liAv-28s,72,82,550906,clean,39,English,A dragon moving in a room
25703,aM-RcQj0a7I,37,55,550906,clean,63,English,Chicken is being stirred in boiled.
16573,aN0WsBcja_E,0,15,878566,clean,25,English,A Siamese kitten is playing with a cat toy.
24681,aQWCKcg0VRU,321,339,550906,clean,87,English,A man is stirring chocolate in a huge bucket.
2842,aRo8x3xXeEA,3,8,411294,clean,17,English,The snowboarder is doing tricks.
489,aeA-HN7BMdo,34,41,550906,clean,48,English,a women cutting broccoli up
44176,akXjIEoecNs,2,12,550906,clean,29,English,A man is playing the key board.
6785,ao-9B8IV9_E,175,187,550906,clean,51,English,A dog walks over a kid who is inside his house.
23845,auFXfsCzAvQ,1,15,550906,clean,42,English,A dog tries to drink from a pool.
22579,b-d-CxHaKGU,10,30,550906,clean,44,English,A teacher explaining a math problem.
39893,b24_bb57PPk,631,637,550906,clean,44,English,Marlon Wayons serving food at an event.
35028,b4FM9OLBGyM,37,49,550906,clean,102,English,A young woman puts eyeliner on .
36736,b4mJ3AQc-ag,30,34,550906,clean,39,English,A piece of chicken is being torn apart.
24798,b71bI0rH1g8,75,90,550906,clean,36,English,A man is loading his gun.
31768,b97TK8XVLHE,40,50,682611,clean,136,English,A man is smiling as he reads an email message.
37768,bAYIIlX-WWw,5,15,682611,clean,107,English,A man is sitting cross legged playing a wooden flute.
41594,bDoCQEwghZU,201,211,651813,clean,22,English,A man is spinning in a chair.
887,bJJndejsUWc,88,98,682611,clean,100,English,A band is performing on stage with fire in the background.
39258,bK-i_FAcpoY,86,92,682611,clean,125,English,"A man in a suit and sunglasses is sitting and smoking a thin cigar, and the smoke is swirling behind his head."
12340,bL_Kijz9IN4,0,15,649657,unverified,111,English,a girl is slicing garlic
16039,bLqmf8x7rLI,2,8,682611,clean,80,English,A panda looking dog is walking down a sidewalk.
1421,bQJQGoJF7_k,109,115,760882,clean,47,English,A man is pouring seasoning in a plastic container.
